FUNCIONALIDADE,TESTES EXECUTADOS,APROVADOS (controles específicos),REPROVADOS (bugs confirmados),NÃO TESTADOS / NÃO APLICÁVEIS
"Acesso, cadastro e sessão",Cadastro obrigatório/formato/limites/duplicidade; login correto/incorreto; logout; rotas internas,Campos obrigatórios e senha mínima bloqueiam; acesso administrativo exige credenciais,"BUG-048, BUG-049",Recuperação e confirmação de senha não encontradas; fechamento integral do navegador não integralmente comprovado
Onboarding e seleção de modo,"Perfil, profissão, cidade, serviço; Individual/Equipe; navegação",Troca de modo e menus coerentes; avanço das etapas nas contas QA,"BUG-057, BUG-060, BUG-081, BUG-082",Nenhum papel real de membro criado pelo onboarding
Clientes,"CRUD QA, cancelar exclusão, contatos, limites, busca, referências, refresh",Nome obrigatório; opcionais vazios; textos completos; busca por nome/e-mail/telefone; cancelamento e remoção QA,"BUG-011, BUG-030, BUG-047, BUG-053, BUG-054",Ordenação/paginação específica não encontrada
Serviços,Criar/editar; preço/duração; ativo/inativo; catálogo em orçamento; concorrência; refresh/relogin,Valores válidos persistem; serviço vinculado preserva referência/total; ativação/desativação,"BUG-020, BUG-021, BUG-035",Exclusão definitiva não encontrada
Orçamentos,"Itens, quantidades/preços/desconto; cálculo; edição; excluir/cancelar; status/respostas públicas; persistência",Drafts persistem; exclusão e link excluído; aceite/recusa/ajuste; edição antes de compartilhamento,"BUG-009, BUG-013, BUG-023, BUG-024, BUG-025, BUG-026, BUG-050",Estado Cancelado e duplicação específica não encontrados; sem itens bloqueado pelo formulário
Agenda e Meu Dia,Criar; vistas/períodos; status; vínculos; refresh; concorrência; datas,Atendimento e status persistem; vistas mantêm vínculos; conversão de orçamento aceito; retry compatível sem duplicidade,"BUG-006, BUG-007, BUG-014, BUG-027, BUG-052",Simulação específica 503 teve limitação da ferramenta; virada de ano fora da disponibilidade não comprovou salvamento
Financeiro,Receita paga/pendente/parcial; despesa; valores; repetir cliques; refresh/relogin; gráficos,Lançamentos QA válidos específicos persistem; formas e estados consultados,"BUG-001, BUG-002, BUG-016, BUG-017, BUG-022, BUG-036, BUG-037, BUG-055, BUG-083",Nenhuma cobrança/pagamento real; exclusão de movimentação não encontrada
Relatórios,Datas/períodos; pagamentos conhecidos; ranking; novos clientes; isolamento A/B,Ranking e novos clientes nos cenários examinados; contribuição própria por equipe,"BUG-003, BUG-004, BUG-015, BUG-061",Não extrapolar isolamento observado para todos os papéis PRO
Equipe/Parceiros,Criar/editar parceiro; contatos/foto/comissão; filtro profissional; agenda; produção,Parceiro vinculado ao atendimento; produção mensal 650 = 300+150+200; comissão 370 e retenção 280,"BUG-019, BUG-031, BUG-032, BUG-039, BUG-051",Parceiro não é usuário autenticável; membro/limitado/portal PRO indisponíveis sem plano compatível
Isolamento e autorização,Duas equipes e contas QA; buscas/listas/dashboard/relatórios; acesso direto exposto; /admin,Marcadores privados A/B não misturados nas superfícies testadas; /admin não expõe painel,BUG-008 (unicidade de slug; não prova invasão de conta),Permissões reais de membro/limitado; recursos/IDs não expostos não inventados
"Configurações, perfil e disponibilidade",Salvar/editar limites; slug; UF/cidade; WhatsApp; horários; refresh,Campos válidos específicos e navegação testados; não aprovar apenas toast,"BUG-005, BUG-029, BUG-033, BUG-034, BUG-038, BUG-058, BUG-059",Configurações permanentes não alteradas para facilitar testes
Cartão público e PIX,Copiar/abrir URL sem login; chave PIX; divulgação simulada; proteção de dados privados,URL copiada corresponde ao perfil; cópia PIX; ausência de campos privados no cartão examinado,BUG-028,Transferências PIX e postagem externa excluídas; entrega de recibo por e-mail não comprovada
"Solicitações, fotos e anexos",Pedido público QA; confirmação e localização interna; conversão; formatos e persistência,Solicitação localizada no proprietário; upload e limites exercitados sem dados reais,"BUG-010, BUG-012, BUG-018, BUG-019, BUG-056",Alguns formatos/limites sem suporte não equivalem a aprovação universal
WhatsApp (simulação),Texto/destinatário/link/cliente/valor; alterações; ausência e formato de telefone,Handoff/preparação interceptados; nenhuma mensagem real; valores e referência conferidos nos cenários compatíveis,"BUG-029, BUG-030, BUG-059",Envio real excluído; cancelado/sem itens não criados artificialmente
"Busca, filtros e carga moderada","20 clientes, 20 serviços, 30 drafts multi-item; busca/status; editar/excluir QA adicional; retorno",Baseline preservada; totais multi-item conferidos; busca cliente C018 retorna cinco drafts; filtros e retorno verificados,"BUG-013, BUG-014, BUG-015",Não é benchmark nem teste de estresse; sem alegação quantitativa de desempenho
Responsividade,Desktop/notebook/tablet; celulares pequeno/médio/grande; menus/formulários/modais,Controles utilizáveis em diversos viewports; cartão público seis tamanhos; Agenda desktop/notebook/tablet/grande,"BUG-040–BUG-046, BUG-062–BUG-072",Não equivale a teste em aparelhos físicos ou todos os navegadores
"Guias, simulador, planos e notificações",Tour/dicas/atalhos; simulador Individual/Equipe; voucher vazio; notificações vazias,Guia abre/reabre; atalho Serviços; notificações vazias e entradas de planos,BUG-060–BUG-082 conforme área; bugs demonstrativos separados dos dados reais,"Compra PRO, resgate de voucher e configurações destrutivas excluídos"
"Rede, repetição e concorrência",Falha/atraso onde compatível; refresh; retry; duas abas; salvar repetido,Clientes e Agenda não duplicaram nos casos verificados; estado final entre abas conferido,"BUG-001, BUG-002, BUG-037, BUG-038",Condições de rede não suportadas e fechamento integral permanecem lacunas
Três personas finais,Iniciante: guia→cliente→serviço→draft; experiente: busca/retorno/cálculo multi-item; administrador: agenda→cliente→draft→financeiro→produção,"Cinco casos integrados aprovados: guia; draft245,75 persistido; cinco drafts C018; retorno após Clientes; multi-item292,57−12,57=280 persistido. Administrador: vínculos e comissões conferidos.",BUG-083: cartões/lista financeiros não reconciliam gráfico e dashboard após refresh/retorno,Não repetir unidade já coberta como prova nova; isolamento de fixtures mantido
