ID,registro,titulo,severidade,tipo,modo,pagina,dados,passos,esperado,obtido,evidencia,confirmacao,perfil
BUG-001,Clique duplo em Salvar receita cria receitas duplicadas,Salvar receita duas vezes duplica o lançamento,ALTO,Dados/financeiro,Individual,/financeiro,"Receita QA paga R$137,42",Abrir Registrar receita; preencher fixture QA; clicar rapidamente duas vezes em Salvar; atualizar e localizar as movimentações.,Uma submissão deve produzir uma receita.,"Duas receitas persistem; Recebido aumenta R$274,84.",Registro de achado nesta sessão: Clique duplo em Salvar receita cria receitas duplicadas,Reprodução independente registrada,Proprietário QA
BUG-002,Repeated Salvar despesa clicks create duplicate expense entries,Cliques repetidos duplicam despesas,ALTO,Dados/financeiro,Individual,/financeiro,"Despesa QA R$47,83",Abrir Nova despesa; preencher dados QA; clicar Salvar três vezes rapidamente; atualizar e localizar.,Uma submissão deve produzir uma despesa.,Três despesas idênticas persistem.,Registro de achado nesta sessão: Repeated Salvar despesa clicks create duplicate expense entries,Reprodução independente registrada,Proprietário QA
BUG-003,Reports miscalculates same-day payment totals and omits paid amount from Recebido,Relatório diário não reconcilia pagamentos,ALTO,Dados/cálculo,Individual,/relatorios,"Fixture c35e: Pago100; Pendente50,50; atendimento1234,56; 05/10/2026",Abrir Relatórios; filtrar 05/10/2026; comparar os indicadores com os pagamentos fictícios conhecidos; repetir.,Indicadores devem seguir as definições de pagamentos e reconciliar valores do período.,"Exibe Faturamento1285,06, Recebido0 e Pendente1285,06; esperado pelos pagamentos150,50/100/50,50.",Registro de achado nesta sessão: Reports miscalculates same-day payment totals and omits paid amount from Recebido,Reprodução independente registrada,Proprietário QA
BUG-004,Relatórios crashes with RangeError when editing De date segments,Editar a data inicial quebra Relatórios,ALTO,Funcional/estabilidade,Individual,/relatorios,"Campo De, entrada segmentada",Abrir Relatórios; editar segmentos do campo De como no registro; recarregar e repetir.,Editar data não deve quebrar a página.,RangeError visível; falha repetida após recarga.,Registro de achado nesta sessão: Relatórios crashes with RangeError when editing De date segments,Reprodução independente registrada,Proprietário QA
BUG-005,Valid availability hours revert after a successful save and refresh,Disponibilidade válida não persiste,ALTO,Persistência,Individual,/configuracoes,Intervalo QA09:15–17:45 na verificação entre sessões,Alterar horários para intervalo válido; salvar; atualizar; sair e entrar no caso de persistência; conferir.,Horários confirmados como salvos permanecem.,Toast Horários salvos; intervalo anterior08–18 retorna.,Registro de achado nesta sessão: Valid availability hours revert after a successful save and refresh,Reprodução independente registrada,Proprietário QA
BUG-006,Free appointment within configured availability is rejected as outside availability,Atendimento livre é rejeitado dentro do horário exibido,ALTO,Regra de negócio,Individual,/agenda,06/10 às11:30; duração60; disponibilidade08–18,Conferir disponibilidade e slot livre; preencher Novo atendimento com fixtures QA; salvar; repetir e atualizar.,Atendimento dentro da disponibilidade deve ser aceito.,Fora da disponibilidade nas duas tentativas; nenhum registro criado.,Registro de achado nesta sessão: Free appointment within configured availability is rejected as outside availability,Reprodução independente registrada,Proprietário QA
BUG-007,Agenda rejeita atendimento dentro do horário de disponibilidade exibido para a Equipe B,Equipe B rejeita atendimento no intervalo disponível,ALTO,Regra de negócio,Equipe B,/agenda,07/10/2026 10:30;60min; disponibilidade08–18,Conferir Configurações; selecionar parceiro/cliente/serviço QA; preencher horário; salvar; repetir e conferir semana.,Permitir o horário compatível com a disponibilidade exibida.,Formulário fica aberto com aviso de indisponibilidade; não cria atendimento.,Registro de achado nesta sessão: Agenda rejeita atendimento dentro do horário de disponibilidade exibido para a Equipe B,Reprodução independente registrada,Proprietário QA
BUG-008,Profile settings save a slug already assigned to another QA account without rejecting the collision,Slug de outra conta QA é aceito,ALTO,Dados/identidade pública,Individual,/configuracoes,Duas contas QA; slug previamente atribuído à outra,Identificar slug público da segunda conta QA; salvar esse slug no perfil da primeira; atualizar; conferir prévia; restaurar.,Rejeitar colisão ou assegurar identidade pública única.,Slug persiste e prévia aponta para o mesmo URL; não foi comprovada exposição privada.,Registro de achado nesta sessão: Profile settings save a slug already assigned to another QA account without rejecting the collision,Reprodução independente registrada,Proprietário QA
BUG-009,Validade do orçamento avança um dia após salvar e reabrir rascunho,Validade avança um dia após salvar,MÉDIO,Dados/data,Individual,/orcamentos,31/12/2027,Criar draft QA com validade31/12/2027; desmarcar envio; salvar; reabrir revisão; atualizar e reabrir.,Validade mantém31/12/2027.,Reabertura mostra01/01/2028.,Registro de achado nesta sessão: Validade do orçamento avança um dia após salvar e reabrir rascunho,Reprodução independente registrada,Proprietário QA
BUG-010,Accepted public proposal remains at Orçamento enviado in Solicitações,Solicitação não reflete proposta aceita,MÉDIO,Funcional/sincronização,Individual,/solicitacoes,Solicitação/proposta fictícia aceita publicamente,Preparar solicitação QA; gerar proposta segura; aceitar no contexto público QA; voltar a Solicitações e atualizar.,Status deve refletir aprovação.,Badge e seletor permanecem Orçamento enviado.,Registro de achado nesta sessão: Accepted public proposal remains at Orçamento enviado in Solicitações,Reprodução independente registrada,Proprietário QA
BUG-011,Client CEP is not persisted and disappears from edit form,CEP desaparece após salvar cliente,MÉDIO,Persistência,Individual,/clientes,01001-000,Criar cliente QA com CEP; salvar; reabrir Editar; atualizar e reabrir.,CEP informado continua salvo.,CEP fica vazio embora tenha sido formatado e preenchido endereço.,Registro de achado nesta sessão: Client CEP is not persisted and disappears from edit form,Reprodução independente registrada,Proprietário QA
BUG-012,Public request PNG attachment link opens Cannot GET instead of displaying the image,Anexo PNG de solicitação não abre,MÉDIO,Arquivos/funcional,Individual,/solicitacoes,Imagem geométrica QA-RequestImage-766485.png,Submeter solicitação pública QA com PNG sintética; abrir Solicitações do proprietário; clicar arquivo; atualizar e repetir.,Abrir imagem anexada.,Cannot GET no link /api/attachments/temp/...png.,Registro de achado nesta sessão: Public request PNG attachment link opens Cannot GET instead of displaying the image,Reprodução independente registrada,Proprietário QA
BUG-013,Quote search by item name does not return a draft that includes the searched service,Busca de orçamento por item não encontra draft,MÉDIO,Busca,Individual,/orcamentos,Serviço QA presente em item de draft,Criar draft próprio com serviço identificável; salvar sem envio; buscar nome exato do item; limpar; reabrir o draft.,Busca anunciada para itens encontra o orçamento.,Busca vazia; limpar mostra draft e editor confirma item.,Registro de achado nesta sessão: Quote search by item name does not return a draft that includes the searched service,Reprodução independente registrada,Proprietário QA
BUG-014,Reports omits confirmed appointments when the date range is cleared,Limpar período omite atendimentos confirmados,MÉDIO,Dados/filtro,Equipe B,/relatorios,Atendimento QA confirmado em08/10/2026,Filtrar dia conhecido com atendimento; clicar Limpar; esperar; atualizar e repetir; conferir Agenda.,Sem filtro incluir registros conforme ajuda.,Relatório fica0 e serviços vazios; atendimento continua Confirmado na Agenda.,Registro de achado nesta sessão: Reports omits confirmed appointments when the date range is cleared,Reprodução independente registrada,Proprietário QA
BUG-015,Relatórios omite pagamento pago na data inicial quando apenas data inicial está definida,Filtro somente inicial omite pagamento pago,MÉDIO,Dados/filtro,Individual,/relatorios,PagoR$100 em05/10/2026,Usar somente De05/10/2026; comparar com somente Até06/10/2026; limpar e repetir.,Pagamento dentro do intervalo aberto deve ser incluído.,De sozinho omiteR$100; Até sozinho inclui.,Registro de achado nesta sessão: Relatórios omite pagamento pago na data inicial quando apenas data inicial está definida,Reprodução independente registrada,Proprietário QA
BUG-016,Financeiro daily pending-revenue chart remains stale after saving a partial receipt,Gráfico pendente fica desatualizado após receita parcial,MÉDIO,Sincronização visual/dados,Individual,/financeiro,Receita fictícia Parcial,Observar tooltip Pendentes; salvar receita Parcial; comparar movimento/KPI/tooltip; atualizar.,Gráfico e KPI atualizam juntos.,Movimento/KPI atualizam; tooltip só muda após refresh.,Registro de achado nesta sessão: Financeiro daily pending-revenue chart remains stale after saving a partial receipt,Reprodução independente registrada,Proprietário QA
BUG-017,Financeiro expense chart remains stale after successful expense saves until the page is refreshed,Gráfico de despesas fica desatualizado após salvar,MÉDIO,Sincronização visual/dados,Individual,/financeiro,Despesas QA únicas,Observar gráfico; salvar despesas QA; comparar resumo e movimentos; atualizar; repetir com sufixo novo.,Gráfico acompanha lançamentos salvos.,Resumo/movimentos atualizam; tooltip despesas conserva total anterior até refresh.,Registro de achado nesta sessão: Financeiro expense chart remains stale after successful expense saves until the page is refreshed,Reprodução independente registrada,Proprietário QA
BUG-018,Foto do perfil profissional não é aplicada nem persiste após salvar,Foto profissional não persiste apesar de confirmação,MÉDIO,Upload/persistência,Individual,/configuracoes,Foto sintética em formato permitido,Selecionar foto QA válida; salvar perfil; conferir avatar; atualizar e reabrir.,Foto é aplicada/persistida ou erro explicado.,Foto ausente; interface confirma salvamento.,Registro de achado nesta sessão: Foto do perfil profissional não é aplicada nem persiste após salvar,Reprodução independente registrada,Proprietário QA
BUG-019,PNG válido do perfil do parceiro não persiste após cadastrar,Foto PNG do parceiro não persiste,MÉDIO,Upload/persistência,Equipe,/equipe,PNG QA válida,Cadastrar parceiro fictício com PNG válida; atualizar; reabrir perfil.,Foto fica associada ao parceiro.,Avatar Q e foto não associada após reabertura; campo vazio sozinho não foi usado como prova.,Registro de achado nesta sessão: PNG válido do perfil do parceiro não persiste após cadastrar,Reprodução independente registrada,Proprietário QA
BUG-020,"Alphabetic service price is silently ignored and saved as R$ 0,00",Preço alfabético resulta em serviço de valor zero,MÉDIO,Validação/dados,Individual,/servicos,Texto alfabético no preço,Preencher novo serviço QA válido; digitar letras em preço; salvar; atualizar.,"Avisar entrada inválida, sem gravar valor involuntário.","Letras descartadas e serviço ativoR$0,00 persiste sem aviso.","Registro de achado nesta sessão: Alphabetic service price is silently ignored and saved as R$ 0,00",Reprodução independente registrada,Proprietário QA
BUG-021,Negative service prices are silently converted to positive amounts and saved,Preço negativo do serviço vira positivo,MÉDIO,Validação/dados,Individual,/servicos,Preço negativo QA,Criar serviço QA; informar preço negativo; salvar; atualizar e conferir.,Rejeitar negativo ou explicar normalização.,Preço positivo salvo e persistido silenciosamente.,Registro de achado nesta sessão: Negative service prices are silently converted to positive amounts and saved,Reprodução independente registrada,Proprietário QA
BUG-022,Negative revenue amount silently becomes positive and is saved,Receita negativa vira positiva e persiste,MÉDIO,Validação/dados,Individual,/financeiro,"-1,00","Abrir Registrar receita; preencher fixture QA; informar-1,00; salvar; atualizar.",Validar valor negativo explicitamente.,"Campo vira1,00 e receita pendente positiva persiste.",Registro de achado nesta sessão: Negative revenue amount silently becomes positive and is saved,Reprodução independente registrada,Proprietário QA
BUG-023,Negative orçamento item quantity produces negative subtotal without validation,Quantidade negativa gera subtotal negativo,MÉDIO,Validação/cálculo,Individual,/orcamentos,Item80; quantidade-1,Abrir novo draft; inserir item80; quantidade-1; desfocar e esperar; fechar sem salvar.,Impedir quantidade inválida e apresentar feedback.,"Subtotal-80, total0 e nenhum aviso.",Registro de achado nesta sessão: Negative orçamento item quantity produces negative subtotal without validation,Reprodução independente registrada,Proprietário QA
BUG-024,Orçamento zera subtotal e total ao usar vírgula na quantidade decimal,Quantidade decimal brasileira zera cálculo,MÉDIO,Cálculo/formato,Individual,/orcamentos,Quantidade decimal com vírgula e equivalente com ponto,Inserir item em orçamento QA; usar quantidade decimal com vírgula; comparar com ponto; conferir subtotal/total.,Entrada brasileira válida calcula de forma consistente.,Vírgula dá subtotal/total0; ponto calcula corretamente.,Registro de achado nesta sessão: Orçamento zera subtotal e total ao usar vírgula na quantidade decimal,Reprodução independente registrada,Proprietário QA
BUG-025,Preço unitário do orçamento converte valores negativos e formatos inválidos sem validação,Preço unitário inválido é normalizado sem aviso,MÉDIO,Validação/cálculo,Individual,/orcamentos,"-25,50;12,34.56",Abrir novo draft QA; editar preço; desfocar; conferir cálculo; repetir negativo em novo formulário; não salvar.,Rejeitar ou explicar entrada inválida.,"-25,50 vira25,50;12,34.56 vira12,35 sem feedback.",Registro de achado nesta sessão: Preço unitário do orçamento converte valores negativos e formatos inválidos sem validação,Reprodução independente registrada,Proprietário QA
BUG-026,Orçamento accepts out-of-range discount values without validation,Desconto negativo ou acima do subtotal não é validado,MÉDIO,Validação/cálculo,Individual,/orcamentos,Subtotal80; desconto-10 e100,Abrir draft QA subtotal80; inserir-10; depois100; desfocar e esperar; fechar sem salvar.,Validar intervalo do desconto.,-10 vira10 e total70;100 aceito e total0 sem aviso.,Registro de achado nesta sessão: Orçamento accepts out-of-range discount values without validation,Reprodução independente registrada,Proprietário QA
BUG-027,Agenda: campo Valor converte entradas negativas e malformadas silenciosamente,Valor de atendimento altera entradas inválidas sem aviso,MÉDIO,Validação,Individual,/agenda,"-100,00;abc,12",Abrir Novo atendimento; editar Valor; desfocar e esperar5s; não salvar.,Feedback para valor inválido.,"-100 vira100 eabc,12 vira0,12 sem aviso.",Registro de achado nesta sessão: Agenda: campo Valor converte entradas negativas e malformadas silenciosamente,Reprodução independente registrada,Proprietário QA
BUG-028,Malformed PIX key is accepted and reported as saved,PIX CNPJ malformado é confirmado como salvo,MÉDIO,Validação/persistência,Individual,/configuracoes,TipoCNPJ; chaveabc,Selecionar CNPJ; informarabc; salvar; atualizar; restaurar baseline QA.,Validar chave conforme tipo.,Configurações salvas eabc persiste.,Registro de achado nesta sessão: Malformed PIX key is accepted and reported as saved,Reprodução independente registrada,Proprietário QA
BUG-029,Incomplete and malformed WhatsApp numbers are accepted and persisted in the Individual profile,WhatsApp do perfil aceita números malformados,MÉDIO,Validação/WhatsApp,Individual,/configuracoes,000;12345;12abc45,Editar WhatsApp com cada valor inválido; salvar; atualizar; restaurar número QA.,Rejeitar ou informar formato incompleto.,Valores inválidos persistem com sucesso anunciado.,Registro de achado nesta sessão: Incomplete and malformed WhatsApp numbers are accepted and persisted in the Individual profile,Reprodução independente registrada,Proprietário QA
BUG-030,Client incomplete telephone number is accepted and saved,Telefone incompleto do cliente persiste sem aviso,MÉDIO,Validação/contato,Individual,/clientes,123,Criar cliente QA com telefone123; salvar; atualizar e buscar.,Avisar telefone incompleto.,Card mantém(12)3 sem feedback.,Registro de achado nesta sessão: Client incomplete telephone number is accepted and saved,Reprodução independente registrada,Proprietário QA
BUG-031,Incomplete partner phone number is accepted and creates an active profile,Telefone incompleto cria parceiro ativo,MÉDIO,Validação/contato,Equipe,/equipe,(11)9876,Cadastrar parceiro QA com telefone incompleto; conferir registro; repetir com fixture nova.,Validar telefone informado.,Parceiro ativo salvo com sucesso; não atribuir contagem global a fixtures próprias.,Registro de achado nesta sessão: Incomplete partner phone number is accepted and creates an active profile,Reprodução independente registrada,Proprietário QA
BUG-032,Out-of-range custom partner commissions remain displayed as the selected commission without understandable user-facing validation,Comissão fora de0–100 não recebe feedback,MÉDIO,Validação/regra,Equipe,/equipe,-1%;101%,Abrir parceiro novo; selecionar comissão personalizada; inserir valores; desfocar e esperar; fechar sem salvar.,Avisar comissão fora do limite anunciado.,Valores permanecem destacados como selecionados sem aviso; não se afirma persistência.,Registro de achado nesta sessão: Out-of-range custom partner commissions remain displayed as the selected commission without understandable user-facing validation,Reprodução independente registrada,Proprietário QA
BUG-033,Salvar horários confirma intervalos de disponibilidade inválidos sem feedback de validação,Horários inválidos recebem confirmação de sucesso,MÉDIO,Validação/persistência,Individual,/configuracoes,Incompleto; iguais;09:00–08:00,Informar intervalos inválidos; salvar; conferir toast; atualizar; restaurar baseline.,Rejeitar intervalos inválidos com explicação.,Horários salvos mesmo inválidos; refresh retorna intervalo original.,Registro de achado nesta sessão: Salvar horários confirma intervalos de disponibilidade inválidos sem feedback de validação,Reprodução independente registrada,Proprietário QA
BUG-034,Saving a long profile name fails silently and the field reverts after refresh,Nome longo do perfil é descartado silenciosamente,MÉDIO,Validação/persistência,Individual,/configuracoes,Nome QA239caracteres,Inserir nome longo; salvar; atualizar; repetir; restaurar.,Persistir ou informar limite/erro.,Sem aviso e nome anterior retorna após refresh.,Registro de achado nesta sessão: Saving a long profile name fails silently and the field reverts after refresh,Reprodução independente registrada,Proprietário QA
BUG-035,Salvar serviço deixa o formulário aberto sem feedback nem resultado para durações zero ou decimal,Duração zero/decimal do serviço falha sem explicação,MÉDIO,Validação,Individual,/servicos,"0 e2,5min; preço0,00 explícito na repetição","Criar serviço QA com duração0/2,5; salvar; fechar; buscar antes/depois refresh; repetir.",Explicar duração inválida.,Formulário fica aberto sem feedback e registro não existe.,Registro de achado nesta sessão: Salvar serviço deixa o formulário aberto sem feedback nem resultado para durações zero ou decimal,Reprodução independente registrada,Proprietário QA
BUG-036,Extreme revenue amount is silently rejected without feedback,Receita de valor extremo é recusada sem feedback,MÉDIO,Validação,Individual,/financeiro,"999.999.999.999,99",Registrar receita fictícia com valor extremo; salvar duas vezes; atualizar e procurar.,Informar limite/erro compreensível.,Dialog permanece sem sucesso/erro; nenhuma movimentação correspondente.,Registro de achado nesta sessão: Extreme revenue amount is silently rejected without feedback,Reprodução independente registrada,Proprietário QA
BUG-037,Failed expense submission shows no user-visible failure feedback,Falha de resposta ao salvar despesa não é informada,MÉDIO,Rede/recuperação,Individual,/financeiro,Resposta503 simulada localmente,Preencher despesa QA; simular503 no salvamento; conferir feedback; remover simulação e tentar novamente.,Mostrar erro e permitir tentativa segura.,Sem aviso de falha; retry normal salva uma vez.,Registro de achado nesta sessão: Failed expense submission shows no user-visible failure feedback,Reprodução independente registrada,Proprietário QA
BUG-038,Failed profile save shows no user-facing error feedback,Falha de salvamento de perfil não mostra erro,MÉDIO,Rede/recuperação,Individual,/configuracoes,Resposta500 simulada; descrição QA,Simular falha de salvamento; salvar descrição; conferir tela; restaurar resposta; retry; restaurar descrição.,Mostrar falha/recovery.,Nenhum erro visível; retry funciona.,Registro de achado nesta sessão: Failed profile save shows no user-facing error feedback,Reprodução independente registrada,Proprietário QA
BUG-039,Selecting a long-named partner in Registrar receita overflows and clips the dialog content,Nome longo do parceiro torna receita inacessível,MÉDIO,Responsividade/funcional,Equipe,/financeiro,Parceiro QA com nome longo,Abrir Registrar receita; selecionar parceiro longo; conferir largura e açãoSalvar.,Dialog deve conter controles alcançáveis.,Conteúdo ultrapassa borda eSalvar não aparece na área visível.,Registro de achado nesta sessão: Selecting a long-named partner in Registrar receita overflows and clips the dialog content,Reprodução independente registrada,Proprietário QA
BUG-040,Professional profile form is clipped at the right edge on 390px mobile viewport,Formulário de perfil é cortado no celular390px,MÉDIO,Responsividade,Individual,/configuracoes,390×844,Abrir Configurações nesse viewport; percorrer formulário e tentar revelar área direita por rolagem.,Campos completos e acessíveis.,Foto/nome/profissão/link/localização cortados; rolagem não revela conteúdo.,Registro de achado nesta sessão: Professional profile form is clipped at the right edge on 390px mobile viewport,Reprodução independente registrada,Proprietário QA
BUG-041,Registration modal form controls are clipped at the right edge on 320px mobile viewport,Cadastro público tem controles cortados a320px,MÉDIO,Responsividade,Público,/,320×640,Abrir cadastro; inspecionar controles; alternar login e voltar.,Formulário cabe no modal.,Controles de cadastro cortados de forma estável.,Registro de achado nesta sessão: Registration modal form controls are clipped at the right edge on 320px mobile viewport,Reprodução independente registrada,Visitante sem login
BUG-042,Tablet: cabeçalho e seletor de período de Equipe / Parceiros ficam cortados a 768×1024,Equipe perde controles no tablet com menu expandido,MÉDIO,Responsividade,Equipe,/equipe,768×1024;sidebar expandida,Abrir Equipe com menu expandido; conferir cabeçalho/filtroGeral; recolher e comparar.,Controles cabem no estado padrão.,Geral parcialmente fora; avatar cortado; rótulos quebram.,Registro de achado nesta sessão: Tablet: cabeçalho e seletor de período de Equipe / Parceiros ficam cortados a 768×1024,Reprodução independente registrada,Proprietário QA
BUG-043,Tablet Configurações header overlaps actions and compresses mode cards,Configurações sobrepõe cabeçalho e comprime cartões no tablet,MÉDIO,Responsividade,Individual/Equipe,/configuracoes,768×1024;sidebar expandida,Abrir Configurações; conferir barra e cartões; aguardar; comparar menu recolhido.,Informações legíveis sem sobreposição.,Guia encobre título e cartões comprimidos; recolher melhora parcialmente.,Registro de achado nesta sessão: Tablet Configurações header overlaps actions and compresses mode cards,Reprodução independente registrada,Proprietário QA
BUG-044,A página de Clientes corta controles à direita em viewport tablet de 768 px,Clientes corta controles no tablet,MÉDIO,Visual estático,Individual,/clientes,768×1024,Abrir Clientes nesse viewport com navegação padrão; inspecionar borda direita.,Controles dentro da tela.,Controles à direita cortados.,Registro de achado nesta sessão: A página de Clientes corta controles à direita em viewport tablet de 768 px,Flag estático com evidência visual,Proprietário QA
BUG-045,"No tablet em 768×1024, o botão principal “Novo orçamento” fica cortado pela borda direita da tela.",Novo orçamento fica cortado no tablet,MÉDIO,Visual estático,Individual,/orcamentos,768×1024,Abrir Orçamentos nesse viewport; inspecionar ação principal.,Ação principal completamente acessível.,Botão cortado pela borda direita.,"Registro de achado nesta sessão: No tablet em 768×1024, o botão principal “Novo orçamento” fica cortado pela borda direita da tela.",Flag estático com evidência visual,Proprietário QA
BUG-046,Agenda's “Próximo período” arrow is clipped at the right edge on 320px-wide mobile view in Semana.,Agenda corta seta de próximo período a320px,MÉDIO,Visual estático,Individual,/agenda,320px;Semana,Abrir Agenda; selecionar Semana; inspecionar próxima seta.,Controle de período visível.,Seta cortada na borda direita.,Registro de achado nesta sessão: Agenda's “Próximo período” arrow is clipped at the right edge on 320px-wide mobile view in Semana.,Flag estático com evidência visual,Proprietário QA
BUG-047,Long client name is clipped in the new quote client picker at 375×812,Cliente longo fica ilegível no seletor de orçamento,BAIXO,Responsividade,Individual,/orcamentos,375×812;nome QA longo,Abrir Novo orçamento; abrir seletorCliente; localizar nome longo.,Identificar opção completa ou oferecer alternativa de leitura.,Nome cortado sem tooltip/rolagem para revelá-lo.,Registro de achado nesta sessão: Long client name is clipped in the new quote client picker at 375×812,Reprodução independente registrada,Proprietário QA
BUG-048,Header Entrar opens the access dialog on the Criar Conta tab,Entrar do cabeçalho abre cadastro,BAIXO,UX/navegação,Público,/,Sem credenciais,ClicarEntrar no cabeçalho; conferir aba/formulário.,Abrir login.,AbreCriarConta; login exige seleção manual.,Registro de achado nesta sessão: Header Entrar opens the access dialog on the Criar Conta tab,Reprodução independente registrada,Visitante sem login
BUG-049,Logout with ?login=true opens account creation instead of sign-in,Saída abre cadastro em vez de login,BAIXO,UX/navegação,Individual,/?login=true,Conta QA modalidade,Sair da conta QA; conferir URL e aba inicial do diálogo.,Entrada de login após saída.,URLlogin=true abreCriarConta persistentemente.,Registro de achado nesta sessão: Logout with ?login=true opens account creation instead of sign-in,Reprodução independente registrada,Proprietário QA
BUG-050,Primary quote-edit action still says resend when resend is unchecked,Revisão continua rotulada como reenvio quando desmarcado,BAIXO,UX,Individual,/orcamentos,Draft QA;Reenviar desmarcado,Abrir revisão; desmarcarReenviar; conferir ação; salvar draft seguro; refresh/repetir.,Rótulo corresponde ao salvamento sem envio.,Reenviar proposta revisada apesar de salvar como draft sem reenvio.,Registro de achado nesta sessão: Primary quote-edit action still says resend when resend is unchecked,Reprodução independente registrada,Proprietário QA
BUG-051,Partner email validation toast exposes raw JSON instead of user-facing error,E-mail inválido do parceiro exibe JSON interno,BAIXO,UX/validação,Equipe,/equipe,E-mail QA inválido,Preencher parceiro fictício com e-mail inválido; cadastrar; repetir.,Mensagem curta e compreensível.,Toast contémJSON code/format/regex; parceiro não criado.,Registro de achado nesta sessão: Partner email validation toast exposes raw JSON instead of user-facing error,Reprodução independente registrada,Proprietário QA
BUG-052,"Empty appointment form reports only availability warning, not missing Cliente and Serviço",Agenda vazia mostra aviso errado para campos ausentes,BAIXO,UX/validação,Individual,/agenda,Cliente/Serviço vazios,Abrir Novo atendimento; salvar semCliente/Serviço; repetir.,Identificar campos ausentes.,SomenteFora da disponibilidade; nenhum atendimento criado.,"Registro de achado nesta sessão: Empty appointment form reports only availability warning, not missing Cliente and Serviço",Reprodução independente registrada,Proprietário QA
BUG-053,Malformed client email save gives no validation feedback,E-mail inválido do cliente falha sem feedback,BAIXO,UX/validação,Individual,/clientes,email-sem-formato,Editar cliente QA; informar e-mail inválido; salvar; esperar; repetir.,Explicar formato inválido.,Dialog aberto sem feedback; e-mail inválido não persiste.,Registro de achado nesta sessão: Malformed client email save gives no validation feedback,Reprodução independente registrada,Proprietário QA
BUG-054,New client silently rejects one-character name without validation feedback,Nome de cliente com um caractere é recusado sem aviso,BAIXO,UX/validação,Individual,/clientes,Z,Criar cliente de nomeZ; salvar; esperar; repetir; pesquisar após refresh.,Explicar mínimo de caracteres.,Nenhuma mensagem; formulário aberto e cliente ausente.,Registro de achado nesta sessão: New client silently rejects one-character name without validation feedback,Reprodução independente registrada,Proprietário QA
BUG-055,Zero-value expense validation reports populated description as missing,Despesa zero usa mensagem de campos ausentes,BAIXO,UX/validação,Individual,/financeiro,Descrição QA preenchida;valor0,Enviar despesa com descrição e0; repetir com outrafixture; conferirlista.,Identificar valor zero como motivo.,Informe descrição e valor apesar de descrição preenchida; nada salvo.,Registro de achado nesta sessão: Zero-value expense validation reports populated description as missing,Reprodução independente registrada,Proprietário QA
BUG-056,BMP selecionado em Foto do perfil não mostra feedback de rejeição,BMP do perfil não recebe aviso de formato,BAIXO,UX/upload,Individual,/configuracoes,BMP sintético,SelecionarBMP em Foto; conferir nome/feedback/avatar.,Informar formato não suportado.,"Nome do arquivo aparece, avatarplaceholder e nenhum aviso claro.",Registro de achado nesta sessão: BMP selecionado em Foto do perfil não mostra feedback de rejeição,Reprodução independente registrada,Proprietário QA
BUG-057,Digitação normal no campo de cidade manual remove espaços do nome informado,Cidade manual do onboarding remove espaços,BAIXO,Dados/formulário,Individual,Onboarding,Cidade QA Águas-SP,Abrir cidade manual; digitar nome com espaços; esperar; repetir incluindo teclaSpace.,Manter espaços internos do nome.,CidadeQAÁguas-SP.,Registro de achado nesta sessão: Digitação normal no campo de cidade manual remove espaços do nome informado,Reprodução independente registrada,Proprietário QA
BUG-058,Manual city entry strips spaces in professional profile settings,Cidade manual do perfil remove espaços,BAIXO,Dados/formulário,Individual,/configuracoes,Vila Árvore Azul QA-RJ,Digitar cidade manual com espaços; conferircampo/indicador; salvarQAconforme registro.,Manter nome da cidade.,VilaÁrvoreAzulQA-RJ.,Registro de achado nesta sessão: Manual city entry strips spaces in professional profile settings,Reprodução independente registrada,Proprietário QA
BUG-059,WhatsApp profile number silently reverts when cleared,Apagar WhatsApp do perfil restaura número sem explicação,BAIXO,UX/WhatsApp,Individual,/configuracoes,Número QA baseline,Selecionar conteúdoWhatsApp; apagar; conferir antes de salvar.,Permitir limpeza ou explicar obrigatoriedade.,Número anterior reaparece imediatamente semfeedback.,Registro de achado nesta sessão: WhatsApp profile number silently reverts when cleared,Reprodução independente registrada,Proprietário QA
BUG-060,Service spell checker capitalizes lowercase identifier and falsely reports accent correction,Corretor informa acento ao capitalizar identificador,BAIXO,UX/dados,Individual,/servicos,bb-quotes-edit-clean-repro-QA7K4M Serviço;preço10,Digitar nome com prefixobb-; desfocar; conferirtoast; salvarQA;refresh.,Mensagem deve descrever correção real e preservar identificador quando apropriado.,PrefixoBb-;toastAcentuação corrigida automaticamente; alteração persiste.,Registro de achado nesta sessão: Service spell checker capitalizes lowercase identifier and falsely reports accent correction,Reprodução independente registrada,Proprietário QA
BUG-061,Divergent definitions for Clientes recorrentes in Reports card and help,Definição de cliente recorrente diverge entre cartão e ajuda,BAIXO,UX/copy,Individual,/relatorios,Cartão eComo funciona,AbrirRelatórios; lerdescriçãoClientesrecorrentes; abrirajuda;refresh.,Uma definição consistente.,Cartão pelo menos1;ajuda maisde1 atendimento.,Registro de achado nesta sessão: Divergent definitions for Clientes recorrentes in Reports card and help,Reprodução independente registrada,Proprietário QA
BUG-062,Financeiro header title is obscured by Guia at 320px viewport,Guia encobre título Financeiro a320px,BAIXO,Responsividade,Individual,/financeiro,320×568,AbrirFinanceiro nesseviewport;esperar;atualizar.,Título legível.,SóFinan visível.,Registro de achado nesta sessão: Financeiro header title is obscured by Guia at 320px viewport,Reprodução independente registrada,Proprietário QA
BUG-063,Serviços header title is obscured by Guia at 375px mobile viewport,Guia encobre Serviços a375px,BAIXO,Responsividade,Individual,/servicos,375×812,AbrirServiços nesseviewport; esperar estabilizar.,Título legível.,Final deServiços encoberto.,Registro de achado nesta sessão: Serviços header title is obscured by Guia at 375px mobile viewport,Reprodução independente registrada,Proprietário QA
BUG-064,Rótulo Serviços é cortado pelo Guia Passo a Passo em viewport tablet de 768 px,Guia encobre Serviços no tablet,BAIXO,Responsividade,Individual,/servicos,768×1024,AbrirServiços; conferirGuia/título;refresh.,Título legível.,SomenteServi visível.,Registro de achado nesta sessão: Rótulo Serviços é cortado pelo Guia Passo a Passo em viewport tablet de 768 px,Reprodução independente registrada,Proprietário QA
BUG-065,Rótulo Clientes é cortado pelo Guia no cabeçalho a 320px,Guia corta título Clientes a320px,BAIXO,Responsividade,Individual,/clientes,320×568,AbrirClientes; esperar;refresh.,Título legível.,SomenteClie visível.,Registro de achado nesta sessão: Rótulo Clientes é cortado pelo Guia no cabeçalho a 320px,Reprodução independente registrada,Proprietário QA
BUG-066,"At 375×812, the Agenda label in the app header is clipped by the adjacent Guia control",Guia corta título Agenda a375px,BAIXO,Visual estático,Individual,/agenda,375×812,AbrirAgenda e inspecionar barra superior.,Título legível.,Agenda cortada peloGuia.,"Registro de achado nesta sessão: At 375×812, the Agenda label in the app header is clipped by the adjacent Guia control",Flag estático com evidência visual,Proprietário QA
BUG-067,"At 375 × 812 px, the mobile Equipe header clips the account avatar at the right viewport edge.",Avatar da Equipe cortado no celular,BAIXO,Visual estático,Equipe,/equipe,375×812,AbrirEquipe nesseviewport; inspecionaravatar.,Avatar dentro da tela.,Avatar cortado à direita.,"Registro de achado nesta sessão: At 375 × 812 px, the mobile Equipe header clips the account avatar at the right viewport edge.",Flag estático com evidência visual,Proprietário QA
BUG-068,Guia & Tutorial cuts off the Iniciar Tour Interativo button at 768px,Guia corta ação Iniciar Tour no tablet,BAIXO,Responsividade,Individual,/guia,768×1024;sidebar expandida,AbrirGuia; conferirIniciarTour; tentarrolagemhorizontal.,Rótulo completo.,Texto cortado e rolagem não revela restante.,Registro de achado nesta sessão: Guia & Tutorial cuts off the Iniciar Tour Interativo button at 768px,Reprodução independente registrada,Proprietário QA
BUG-069,Guia notification toast overlays fixed bottom navigation at 320px,Toast cobre navegação inferior a320px,BAIXO,Responsividade/UX,Individual,/guia,320×568,AbrirGuia; observarnotificação inferior enquanto visível.,Toast não obstrui navegação.,Ícones/rótulos inferiores cobertos temporariamente.,Registro de achado nesta sessão: Guia notification toast overlays fixed bottom navigation at 320px,Reprodução independente registrada,Proprietário QA
BUG-070,PRO plan purchase CTA text is clipped at 768px with expanded sidebar,Texto do plano PRO é cortado no tablet,BAIXO,Responsividade,Individual,/planos,768×1024;sidebar expandida,AbrirPlanos;conferirCTA PRO;refresh;compararrecolhido; não comprar.,CTA legível.,"Garantir Acesso VitalícioR$59,90 cortado;recolher menu remove.",Registro de achado nesta sessão: PRO plan purchase CTA text is clipped at 768px with expanded sidebar,Reprodução independente registrada,Proprietário QA
BUG-071,Simulator screen-selector labels are truncated at 1024px viewport,Seletores de telas do simulador truncados,BAIXO,Responsividade/demonstração,Simulador Solo,/guia,1024×768;sidebar expandida,AbrirSimulador;conferirseletores;recolher/retornar estado padrão.,Legendas completas.,Várias legendas truncadas.,Registro de achado nesta sessão: Simulator screen-selector labels are truncated at 1024px viewport,Reprodução independente registrada,"Demonstração, sem papel autenticado real"
BUG-072,"At 390px width, the Simulador Visual's embedded Meu Dia preview clips the right side of the first appointment's action button.",Simulador corta ação do Meu Dia a390px,BAIXO,Visual estático,Simulador,/guia,390px;MeuDia,AbrirSimulador;selecionarMeuDia;conferirprimeirobotão.,Ação inteira visível.,Lado direito do botão cortado.,"Registro de achado nesta sessão: At 390px width, the Simulador Visual's embedded Meu Dia preview clips the right side of the first appointment's action button.",Flag estático com evidência visual,"Demonstração, sem papel autenticado real"
BUG-073,Simulated Agenda next-week control gives no visible indication of advancing the weekly view,Próxima semana do simulador não indica mudança,BAIXO,Funcional/demonstração,Simulador Equipe,/guia,AgendaSemanal,AbrirSimuladorAgenda;cliquepróximo;Hoje;repetir e esperar.,Indicar avanço ou explicar limitação demonstrativa.,Nenhuma indicação de mudança.,Registro de achado nesta sessão: Simulated Agenda next-week control gives no visible indication of advancing the weekly view,Reprodução independente registrada,"Demonstração, sem papel autenticado real"
BUG-074,Simulator client search does not filter unrelated demo clients,Busca do simulador não filtra clientes,BAIXO,Funcional/demonstração,Simulador Solo,/guia,Maria,AbrirSimuladorClientes;buscarMaria;conferirlista.,Filtrar ou informar demonstração não funcional.,Clientes sem correspondência permanecem.,Registro de achado nesta sessão: Simulator client search does not filter unrelated demo clients,Reprodução independente registrada,"Demonstração, sem papel autenticado real"
BUG-075,Meu Dia simulator promises Google Maps shortcut but omits the control,Simulador promete Maps sem mostrar atalho,BAIXO,UX/demonstração,Simulador,/guia,PrimeiroatendimentoMeuDia,LerpromessaMeuDia; abrirprévia;conferircontroles; nãoabrirMaps externo.,Atalho prometido ou descrição coerente.,Endereço/WhatsApp/Concluir apenas;Maps ausente.,Registro de achado nesta sessão: Meu Dia simulator promises Google Maps shortcut but omits the control,Reprodução independente registrada,"Demonstração, sem papel autenticado real"
BUG-076,Simulador Visual omits schedule-change request details in Passo 6 notification,Pedido de ajuste do simulador perde motivo/novo horário,BAIXO,Dados/demonstração,Simulador Solo,/guia,Trilha6passos;pedidomudardata/horário,Executartrilha simulada;pedirajuste;selecionarmotivo;avançarPasso6;repetir.,Notificação identifica negociação e detalhes.,Mostra dados originais sem motivo/negociação.,Registro de achado nesta sessão: Simulador Visual omits schedule-change request details in Passo 6 notification,Reprodução independente registrada,"Demonstração, sem papel autenticado real"
BUG-077,"Relatório Por Profissional mostra o ticket médio de Juliana como R$ 72,00 em vez de R$ 72,14",Ticket médio do simulador calculado incorretamente,BAIXO,Cálculo/demonstração,Simulador Equipe,/guia,Juliana3030/42,AbrirRelatóriosPorProfissional;conferirJuliana;dividir3030por42;refresh/refazer.,"R$72,14 com2casas.","R$72,00.","Registro de achado nesta sessão: Relatório Por Profissional mostra o ticket médio de Juliana como R$ 72,00 em vez de R$ 72,14",Reprodução independente registrada,"Demonstração, sem papel autenticado real"
BUG-078,Totais de repasses e lucro divergem entre os previews Financeiro e Relatórios do Estúdio,Previews divergem no repasse e lucro,BAIXO,Dados/demonstração,Simulador Equipe,/guia,Faturamento18250,AlternarFinanceiro eRelatóriosGeraldaCasa;comparar;repetir.,Totais correspondentes consistentes.,"Financeiro10950/7300;Relatórios10200,50/8049,50.",Registro de achado nesta sessão: Totais de repasses e lucro divergem entre os previews Financeiro e Relatórios do Estúdio,Reprodução independente registrada,"Demonstração, sem papel autenticado real"
BUG-079,Carla's simulated agenda says 4 clients are booked today but displays only two appointments,Agenda demonstrativa de Carla conta4 e mostra2,BAIXO,Visual estático,Simulador Equipe,/guia,Carla;10hCamila;14:30Renata,SimuladorEquipe/Parceiros;CelulardaParceiraCarla;inspecionarpréviacompleta.,Contagem corresponde à lista ou informa amostra parcial.,4ClientesMarcados;2cartões;semindicadorparcial.,Registro de achado nesta sessão: Carla's simulated agenda says 4 clients are booked today but displays only two appointments,Flag estático com evidência visual,"Demonstração, sem papel autenticado real"
BUG-080,Clientes simulator preview uses incorrect singular grammar: “1 atendimentos”,Simulador usa plural para1atendimento,BAIXO,Visual estático,Simulador,/guia,1atendimentos,AbrirpréviaClientes noSimulador;lercontagemsingular.,1atendimento.,1atendimentos.,Registro de achado nesta sessão: Clientes simulator preview uses incorrect singular grammar: “1 atendimentos”,Flag estático com evidência visual,"Demonstração, sem papel autenticado real"
BUG-081,O painel “Sugestões prontas para QA Profissao f26a” exibe serviços de cuidados com pets após selecionar a área Casa e Manutenção e informar uma profissão personalizada.,Profissão personalizada Casa recebe sugestõesPets,BAIXO,Visual estático,Individual,Onboarding,CasaManutenção;profissãoQA personalizada,SelecionarCasaManutenção;informarprofissãopersonalizada;avançarsugestões.,Sugestões compatíveis ou neutras.,ServiçosPets no painel.,Registro de achado nesta sessão: O painel “Sugestões prontas para QA Profissao f26a” exibe serviços de cuidados com pets após selecionar a área Casa e Manutenção e informar uma profissão personalizada.,Flag estático com evidência visual,Proprietário QA
BUG-082,O título do guia de migração para Equipe afirma que explica o Modo Individual,Guia de migração Equipe tem título Individual,BAIXO,Visual estático,Equipe/guia,/guia,GuiamigraçãoEquipe,AbrirguiaMigraçãoparaEquipe;ler título.,Título descreveEquipe.,Título afirmaModoIndividual.,Registro de achado nesta sessão: O título do guia de migração para Equipe afirma que explica o Modo Individual,Flag estático com evidência visual,Proprietário QA
BUG-083,"Financeiro summary cards and movements show zero while accumulated-balance chart shows R$ 200,00",Financeiro mostra saldo zero e lista vazia com gráfico positivo,ALTO,Dados/financeiro,Equipe,/financeiro e /app,Equipe A Teste QA: recebido mensal200; gráfico dia02=100 e dia05=200; filtros De/Até vazios.,Abrir Visão geral e anotar Recebido no mês200; abrir Financeiro com filtros vazios; conferir cartões e Movimentações; passar sobre gráfico Saldo acumulado nos dias02 e05; atualizar; ir à Visão geral e Voltar.,"Cartões, movimentações e gráfico devem reconciliar os lançamentos representados no período.",Recebido/Pendente/Despesas/Saldo=0; Nenhuma movimentação registrada; gráfico saldo100/200 e dashboard recebido200. Inconsistência persiste após refresh e retorno.,"Registro de achado nesta sessão: Financeiro summary cards and movements show zero while accumulated-balance chart shows R$ 200,00",Reprodução independente registrada; causa de código não verificada.,Proprietário QA (Equipe A)
